Indirizzo,Titolo 1,H1-1,H2-1,H2-2
https://easyworkagency.com/,Easy Work – Agenzia per il lavoro,,Trova l’opportunità giusta per la tua crescita professionale,Ti aiutiamo a costruire il tuo futuro professionale
https://easyworkagency.com/progettazione-e-bandi/,Progettazione e Bandi – Easy Work,,Progettazione e Bandi,Trasforma le opportunità in risultati concreti.
https://easyworkagency.com/compila-il-tuo-curriculum-vitae/,Compila il tuo curriculum vitae – Easy Work,,Per i cittadini,Per le aziende
https://easyworkagency.com/cerca-offerte-di-lavoro/,Cerca offerte di lavoro – Easy Work,,Per i cittadini,Per le aziende
https://easyworkagency.com/crea-il-tuo-cv/,Crea il tuo  CV – Easy Work,,Crea il tuo CV,Come creare un CV efficace
https://easyworkagency.com/bilancio-delle-competenze/,Bilancio delle Competenze – Easy Work,,Bilancio delle Competenze,Vuoi dare una svolta alla tua carriera?
https://easyworkagency.com/cookie-policy/,Cookie Policy – Easy Work,,Cookie Policy,1. Introduzione
https://easyworkagency.com/contratto-di-apprendistato/,Contratto di apprendistato – Easy Work,,Contratto di apprendistato,"Forma, inserisci e valorizza giovani talenti nella tua azienda."
https://easyworkagency.com/privacy-policy/,Privacy Policy – Easy Work,,Per i cittadini,Per le aziende
https://easyworkagency.com/par-gol/,PAR GOL – Easy Work,,PAR GOL,PAR GOL: il tuo percorso verso il lavoro
https://easyworkagency.com/servizio-di-orientamento-professonale/,Servizio di Orientamento Professionale – Easy Work,,Servizio di Orientamento Professionale,Orientamento professionale
https://easyworkagency.com/chi-siamo/,Chi Siamo – Easy Work,,Chi Siamo,About Easy Work
https://easyworkagency.com/finanza-agevolata/,Finanza Agevolata – Easy Work,,Finanza Agevolata,Che cos’è la Finanza Agevolata?
https://easyworkagency.com/contatti/,Contatti – Easy Work,,Contatti,Recruiting?
https://easyworkagency.com/apprendistato-professionalizzante/,Apprendistato Professionalizzante – Easy Work,,Apprendistato Professionalizzante,Apprendistato Professionalizzante: impara lavorando
https://easyworkagency.com/tirocinio-extracurricolare/,Tirocinio Extracurricolare – Easy Work,,Tirocinio Extracurricolare,Tirocinio extracurriculare: un trampolino per la tua carriera
https://easyworkagency.com/tirocinio-extracurricolare-aziende/,Tirocinio Extracurricolare (Aziende) – Easy Work,,Tirocinio Extracurricolare (Aziende),Crescita e cambiamento al servizio della tua azienda.
https://easyworkagency.com/corsi-per-la-sicurezza-sul-lavoro/,Corsi per la sicurezza sul lavoro – Easy Work,,Corsi per la sicurezza sul lavoro,I nostri corsi sulla sicurezza
https://easyworkagency.com/formazione-dipendenti/,Formazione Dipendenti – Easy Work,,Formazione Dipendenti,Crescita e cambiamento al servizio della tua azienda.
https://easyworkagency.com/ricerca-e-selezione-del-personale/,Ricerca e Selezione del Personale – Easy Work,,Ricerca e Selezione del Personale,Trova il talento giusto per far crescere la tua azienda.
https://easyworkagency.com/corso-par-gol/configurare-un-sistema-di-archiviazione-gestione-e-verifica-dei-dati-personali-garantendone-la-sicurezza-e-la-riservatezza/,"Configurare Un Sistema Di Archiviazione, Gestione E Verifica Dei Dati Personali, Garantendone La Sicurezza E La Riservatezza. – Easy Work","Configurare Un Sistema Di Archiviazione, Gestione E Verifica Dei Dati Personali, Garantendone La Sicurezza E La Riservatezza.",Per i cittadini,Per le aziende
https://easyworkagency.com/corso-par-gol/assistente-allautonomia-e-alla-comunicazione-delle-persone-con-disabilita-a-s-a-c-o-m/,Assistente All’Autonomia E Alla Comunicazione Delle Persone Con Disabilità – (A.S.A.C.O.M.) – Easy Work,Assistente All’Autonomia E Alla Comunicazione Delle Persone Con Disabilità – (A.S.A.C.O.M.),Per i cittadini,Per le aziende
https://easyworkagency.com/corso-par-gol/gestione-magazzino-spedizioni-e-logistica/,Gestione Magazzino Spedizioni e Logistica – Easy Work,Gestione Magazzino Spedizioni e Logistica,Per i cittadini,Per le aziende
https://easyworkagency.com/corso-par-gol/elaborazione-e-sviluppo-di-progetti-di-miglioramento-organizzativo/,Elaborazione E Sviluppo Di Progetti Di Miglioramento Organizzativo – Easy Work,Elaborazione E Sviluppo Di Progetti Di Miglioramento Organizzativo,Per i cittadini,Per le aziende
https://easyworkagency.com/corso-par-gol/competenze-digitali-di-base/,Competenze Digitali di Base – Easy Work,Competenze Digitali di Base,Per i cittadini,Per le aziende
https://easyworkagency.com/corso-par-gol/inglese-per-la-gestione-amministrativa/,Inglese per la Gestione Amministrativa – Easy Work,Inglese per la Gestione Amministrativa,Per i cittadini,Per le aziende
https://easyworkagency.com/corso-par-gol/tecnico-commerciale-energie-rinnovabili/,Tecnico Commerciale Energie Rinnovabili – Easy Work,Tecnico Commerciale Energie Rinnovabili,Per i cittadini,Per le aziende
https://easyworkagency.com/corso-par-gol/addetto-al-servizio-ai-piani/,Addetto Al Servizio Ai Piani – Easy Work,Addetto Al Servizio Ai Piani,Per i cittadini,Per le aziende
https://easyworkagency.com/corso-par-gol/oac-operatore-amministrativo-contabile/,OAC – Operatore Amministrativo Contabile – Easy Work,OAC – Operatore Amministrativo Contabile,Per i cittadini,Per le aziende
https://easyworkagency.com/corso-par-gol/social-media-manager/,Social Media Manager – Easy Work,Social Media Manager,Per i cittadini,Per le aziende
https://easyworkagency.com/corso-par-gol/operatore-segretariale/,Operatore Segretariale – Easy Work,Operatore Segretariale,Per i cittadini,Per le aziende
https://easyworkagency.com/corso-par-gol/operatore-edile/,Operatore Edile – Easy Work,Operatore Edile,Per i cittadini,Per le aziende
https://easyworkagency.com/corso-par-gol/tecnico-di-coordinamento-del-cantiere/,Tecnico di Coordinamento del Cantiere – Easy Work,Tecnico di Coordinamento del Cantiere,Per i cittadini,Per le aziende
https://easyworkagency.com/corso-par-gol/operatore-del-servizio-di-sala-cameriere/,Operatore del Servizio di Sala – Cameriere – Easy Work,Operatore del Servizio di Sala – Cameriere,Per i cittadini,Per le aziende
https://easyworkagency.com/corso-par-gol/tecnico-commerciale-delle-vendite/,Tecnico commerciale delle vendite – Easy Work,Tecnico commerciale delle vendite,Per i cittadini,Per le aziende
https://easyworkagency.com/corso-par-gol/operatore-dellinfanzia/,Operatore dell’Infanzia – Easy Work,Operatore dell’Infanzia,Per i cittadini,Per le aziende
https://easyworkagency.com/corso-par-gol/operatore-call-center-inbound/,Operatore Call Center Inbound – Easy Work,Operatore Call Center Inbound,Per i cittadini,Per le aziende
https://easyworkagency.com/corso-par-gol/tecnico-esperto-in-campagne-comunicativo-promozionali/,Tecnico Esperto in Campagne Comunicativo/ Promozionali – Easy Work,Tecnico Esperto in Campagne Comunicativo/ Promozionali,Per i cittadini,Per le aziende
https://easyworkagency.com/corso-par-gol/operatore-alla-conduzione-di-gru-e-di-apparecchi-di-sollevamento/,Operatore alla Conduzione di Gru e di Apparecchi di Sollevamento – Easy Work,Operatore alla Conduzione di Gru e di Apparecchi di Sollevamento,Per i cittadini,Per le aziende
https://easyworkagency.com/corso-par-gol/operatore-alla-conduzione-di-macchine-complesse/,Operatore alla Conduzione di Macchine Complesse – Easy Work,Operatore alla Conduzione di Macchine Complesse,Per i cittadini,Per le aziende
https://easyworkagency.com/corso-par-gol/operatore-socio-assistenziale-o-s-a/,Operatore Socio – Assistenziale (O.S.A.) – Easy Work,Operatore Socio – Assistenziale (O.S.A.),Per i cittadini,Per le aziende
https://easyworkagency.com/corso-par-gol/analista-di-sistemi-informativi/,Analista di Sistemi Informativi – Easy Work,Analista di Sistemi Informativi,Per i cittadini,Per le aziende
https://easyworkagency.com/corso-par-gol/operatore-del-punto-vendita/,Operatore del Punto Vendita – Easy Work,Operatore del Punto Vendita,Per i cittadini,Per le aziende
https://easyworkagency.com/corso-par-gol/operatore-del-servizio-bar/,Operatore del Servizio Bar – Easy Work,Operatore del Servizio Bar,Per i cittadini,Per le aziende
https://easyworkagency.com/corso-par-gol/segretario-coordinatore-amministrativo/,Segretario – Coordinatore Amministrativo – Easy Work,Segretario – Coordinatore Amministrativo,Per i cittadini,Per le aziende
